 ,Keine Angaben,Andere
.,Keine Angaben,Andere
*,Keine Angaben,Andere
1. FC Union Berlin,1. FC Union Berlin,Kunde
1818 Auskunft AG,Grundbuchauskunft,Kunde
1to1 Media Hostettler,1to1 Media Hostettler,Agentur
20 Minuten,20 Minuten AG,Print
20 Minuten AG,20 Minuten AG,Print
3 Plus TV Network AG,3 Plus TV Network AG,Broadcaster
360 Media,360 Media Solutions,Agentur
Adello AG,Adello AG,Intelligence
Adwebster AG,Adwebster AG,Agentur
Aegis Media,Dentsu Aegis Network Switzerland AG,Agentur
Aegis Media Central Services AG,Dentsu Aegis Network Switzerland AG,Agentur
Agence Trio SA,Agence Trio SA,Agentur
ALDI SUISSE AG,ALDI SUISSE AG,Kunde
ALDI SUISSE AG Zentraleinkauf Werbung,ALDI SUISSE AG,Kunde
Alltron AG,Alltron AG,Infrastruktur
Alpamare,Alpamare AG,Kunde
Alpha 245,Alpha 245 AG,Agentur
AMAG  Automobil- und Motoren AG,AMAGAutomobil- und Motoren AG,Kunde
AMAG AG,AMAGAutomobil- und Motoren AG,Kunde
AMAG Automobil- und Motoren AG,AMAGAutomobil- und Motoren AG,Kunde
AMAG Automobil- und MotorenAG,AMAGAutomobil- und Motoren AG,Kunde
Amazee Labs,Amazee Labs AG,Agentur
Ammarkt AG,ammarkt ag,Agentur
AMS Media,AMS Media,Agentur
Andreas & Conrad AG,Andreas & Conrad AG,HR
Annex Werbe AG,Annex Werbe AG,Agentur
AP&CO,AP&CO,Andere
Art Directors Club Schweiz,Art Directors Club Schweiz,Verband
artcom media gmbh,Artcom Display AG,Infrastruktur
Atout France,Atout France,Agentur
Attilio Meyer AG,Attilio Meyer AG,Infrastruktur
AXA Winterthur,AXA Winterthur,Kunde
Axel Springer Schweiz AG,Axel Springer Schweiz AG,Kunde
AZ Medien,AZ Medien,Broadcaster
AZ Medien / Belcom AG,AZ Medien,Broadcaster
AZ Medien AG,AZ Medien,Broadcaster
AZ Regionalfernsehen AG,AZ Medien,Broadcaster
AZ Regionalfernsehen AG, Tele M1,AZ Medien,Broadcaster
AZ Regionalfernsehen TeleB_§rn,AZ Medien,Broadcaster
b&b endemol,B&B Endemol AG,Produktion
B&B Endemol AG,B&B Endemol AG,Produktion
Backstage,Backstage Studio Regine Ochsner,Andere
Bad Seedamm AG / Alpamare,Alpamare AG,Kunde
Bad Seedamm AG/Alpamare,Alpamare AG,Kunde
BANK-now (CS),Credit Suisse AG,Kunde
BANK-now AG,Credit Suisse AG,Kunde
Barilla,Barilla Switzerland AG,Kunde
Bayer (Schweiz) AG Health Care / Consumer Care,Bayer (Schweiz) AG,Kunde
BCD Travel Suisse AG,BCD Travel Suisse SA,Kunde
Bel Suisse SA,BEL SUISSE SA,Kunde
Belcom,Belcom AG,Broadcaster
Belcom AG,Belcom AG,Broadcaster
Berner Kantonalbank BEKB,Berner Kantonalbank,Kunde
Betonierwerk BW GmbH,Betonierwerk BW GmbH,Kunde
BFMTV,BFMTV,Broadcaster
BG Media a Division of ZenithOptimedia AG,Zenithoptimedia AG,Agentur
BGMedia,Zenithoptimedia AG,Agentur
BGMedia a division of ZenithOptimedia AG,Zenithoptimedia AG,Agentur
Bio Strath AG,Bio-Strath AG,Kunde
Bio-Strath AG,Bio-Strath AG,Kunde
Bitfrucht AG,Bitfrucht AG,Agentur
Blick,Blick ,Print
blick,Blick ,Print
BLOFELD Entertainment GmbH,Blofeld Entertainment GmbH,Produktion
BMW (Schweiz) AG,BMW (Schweiz) AG,Kunde
Bolton Swiss SA,Bolton Swiss SA,Kunde
Bongrain (Suisse) SA,Bongrain SA,Kunde
Brack Electronics AG,BRACK.CH AG,Kunde
Brandzeichen GmbH,Brandzeichen GmbH,Agentur
BRITA Wasser-Filter-Systeme AG,BRITA Wasser-Filter-Systeme AG,Kunde
Canal 9 ,Canal 9,Broadcaster
Carat Switzerland,Carat Switzerland AG,Agentur
Carat Switzerland AG,Carat Switzerland AG,Agentur
Carglass Suisse SA ,Carglass Suisse SA,Kunde
cashgate AG,cashgate AG,Kunde
CAVEGNWERBUNG,CAVEGNWERBUNG,Agentur
Change Communications,Change Communications,Agentur
ChaosCrew,ChaosCrew,Andere
Charles Vögele Mode AG,Charles Vögele AG,Kunde
Cinergy,Cinergy AG,Kino
CINERGY AG,Cinergy AG,Kino
clear channel schweiz ag,Clear Channel Schweiz AG,Agentur
Clientis Bank,Clientis Bank Küttigen-Erlinsbach AG,Kunde
Coca-Cola Schweiz GmbH,Coca-Cola Schweiz GmbH,Kunde
cognita AG,cognita AG,Intelligence
Coiffure City Langenthal,Coiffure City AG,Kunde
Comparis.ch AG,comparis.ch AG,Kunde
Condor Films,Condor Films AG,Produktion
conex marketing,conex marketing rohrer,Agentur
Constantin Sport Marketing GmbH,Constantin Sport Marketing GmbH,Kunde
Coop Genossenschaft,Coop Genossenschaft,Kunde
CORPMEDIA?,Corpmedia Timo W_§schle,Produktion
Credit Suisse,Credit Suisse AG,Kunde
Credit Suisse  Private Banking Marketing,Credit Suisse AG,Kunde
Credit Suisse AG,Credit Suisse AG,Kunde
Crowd Relations,Crowd Relations,Andere
CT Cinetrade AG,CT Cinetrade AG,Kino
Customer Ground Service AG,CGS Customer Ground Service Basel AG,Kunde
Dellaquila Enterprises,Dellaquila Enterprises,Andere
Denstu Aegis Network,Dentsu Aegis Network Switzerland AG,Agentur
Dentsu Aegis Network,Dentsu Aegis Network Switzerland AG,Agentur
Dentsu Aegis Network Switzerland,Dentsu Aegis Network Switzerland AG,Agentur
DGO Distribution,DGO Distribution AG,Kunde
Die Schweizerische Post AG,Die Schweizerische Post AG,Kunde
digitec und Galaxus,Galaxus AG,Kunde
Discovery Communications Deutschland GmbH & Co. KG,Discovery Communications Deutschland GmbH & Co. KG,Broadcaster
DOSA film und fernsehproduktion,DOSA film und fernsehproduktion,Produktion
Dosenbach Ochnser AG,Dosenbach Ochnser AG,Kunde
Dr. Oetker,Dr. Oetker AG,Kunde
Dr. Oetker AG,Dr. Oetker AG,Kunde
Dr. W.A. Günther,Dr. W.A. Günther Holding AG,Produktion
Dr.W.A.Günther Mediarent AG,Dr. W.A. Günther Holding AG,Produktion
Drei media team AG,Drei media team AG,Agentur
drei.MediaTeam ,Drei media team AG,Agentur
Dwb ag,dwb AG,Agentur
dwb AG,dwb AG,Agentur
dwb.ch,dwb AG,Agentur
e-scort SVC,e-scort SVC,Kunde
El Cartel Media,El Cartel Media,Werbevermarkter
Energy Media,Energy Media AG,Radio
Energy Media AG,Energy Media AG,Radio
Energy Zürich ,Energy Media AG,Radio
epos,EPOS GROUP HOLDING AG,Andere
EPOS ChaosCrew / Showcrew,EPOS ChaosCrew / Showcrew,Andere
Erdöl-Vereinigung,Erdöl - Vereinigung (EV),Verband
european star cinema,Eurosport AG,Broadcaster
Eurosport ,Eurosport AG,Broadcaster
Eurosport Media ,Eurosport AG,Broadcaster
Eventsupport GmbH,Eventsupport (Schweiz) GmbH,Agentur
Excom Media AG,Excom Media AG,Kunde
F. UHLMANN EYRAUD SA,Fonds de Prévoyance du personnel de la société F. Uhlmann-Eyraud SA,Andere
FACES,FACES,Andere
Faro TV,faroTV GmbH,Produktion
FaroTV - A Division of Condor Films,faroTV GmbH,Produktion
Feldschlösschen Getr_§nke AG,Feldschlösschen Getr_§nke AG,Kunde
Feller AG,Feller AG,Kunde
FIFA,FIFA Ticketing AG,Kunde
Filmfonds.ch,Filmfonds.ch GmbH,Produktion
Filmfonds.ch GmbH,Filmfonds.ch GmbH,Produktion
Filmkolchose,Filmkolchose,Produktion
Filmwords AG,Filmwords AG,Intelligence
flavouritVisuals Design,flavouritVisuals Design,Agentur
Flughafen Zürich AG,Flughafen Zürich AG,Kunde
FM Music Group GmbH,FM Music Group GmbH,Radio
FOUR.Werbeagentur AG,four. Werbeagentur AG,Agentur
Früh Immobilien ,Früh Immobilien ,Kunde
Frame Eleven AG,frame eleven + partners AG,Produktion
FRAMIX GmbH,Framix GmbH,Produktion
Freak Productions LLC,FREAK PRODUCTIONS LLC,Produktion
Freelancer,AV-Freelancer.ch Daniel Humbel,Andere
Freixenet Alpes GmbH,Freixenet Alpes GmbH,Kunde
freshcom GmbH,freshcom GmbH,Produktion
g&a management partner GmbH,g&a management partner GmbH,Agentur
Gassmann Media AG,Gassmann Media AG,Print
GBI,Gewerkschaft Bau und Industrie,Kunde
GBM,Goldbach Group AG,Werbevermarkter
Genossenschaft VSG ASIG,Genossenschaft VSG ASIG,Verband
gestaltungen.ch,gestaltungen.ch Ralph Wagner,Produktion
Golbach,Goldbach Group AG,Werbevermarkter
goldbach,Goldbach Group AG,Werbevermarkter
Goldbach Audience,Goldbach Group AG,Werbevermarkter
Goldbach Audience (Switzerland) AG,Goldbach Group AG,Werbevermarkter
Goldbach Audience (Switzerland) AG ,Goldbach Group AG,Werbevermarkter
Goldbach Audience AG,Goldbach Group AG,Werbevermarkter
Goldbach Group,Goldbach Group AG,Werbevermarkter
Goldbach Group AG,Goldbach Group AG,Werbevermarkter
Goldbach Group AG ,Goldbach Group AG,Werbevermarkter
Goldbach Interactive,Goldbach Group AG,Werbevermarkter
Goldbach Interactive (Switzerland) AG,Goldbach Group AG,Werbevermarkter
Goldbach Interactive AG,Goldbach Group AG,Werbevermarkter
Goldbach Interactive Switzerland AG,Goldbach Group AG,Werbevermarkter
Goldbach Management AG,Goldbach Group AG,Werbevermarkter
Goldbach Media,Goldbach Group AG,Werbevermarkter
Goldbach Media (Schweiz) AG,Goldbach Group AG,Werbevermarkter
Goldbach Media (Switzerland) AG,Goldbach Group AG,Werbevermarkter
Goldbach Media AG,Goldbach Group AG,Werbevermarkter
Goldbachgroup,Goldbach Group AG,Werbevermarkter
Goldbachmedia,Goldbach Group AG,Werbevermarkter
Google,Google Switzerland GmbH,Intelligence
Grayling,Grayling Suisse SA,Agentur
Grayling Schweiz AG,Grayling Suisse SA,Agentur
Group IMD,IMD International Search Group,Kunde
Gruner + Jahr,Gruner + Jahr (Schweiz) AG,Kunde
GSP Get Some Popcorn GmbH,GSP GET SOME POPCORN GMBH,Produktion
Hangar ,Hangar 51,Produktion
Hangar 51,Hangar 51,Produktion
hans hofmann & partner,hans hofmann & partner AG,Agentur
hans hofmann & partner ,hans hofmann & partner AG,Agentur
hans hofmann & partner ag,hans hofmann & partner AG,Agentur
hauskrieg,hauskrieg,Produktion
HAVAS Media AG,HAVAS Media AG,Intelligence
Havas Media AG,HAVAS Media AG,Intelligence
Havas Worldwide AG,HAVAS Media AG,Intelligence
Havas Worldwide Zuerich,HAVAS Media AG,Intelligence
HEADSTORE AG,HEADSTORE AG,HR
Heineken,Heineken Switzerland AG,Kunde
Helsana Versicherungen AG,Helsana Versicherungen AG,Kunde
Helvetia Versicherungen,Helsana Versicherungen AG,Kunde
Henkel & Cie AG,Henkel & Cie. AG,Kunde
Hessischer Rundfunk ,Hessischer Rundfunk ,Radio
Hilding Anders Switzerland AG,Hilding Anders Switzerland AG,Kunde
Hochspannung GmbH,Masterworks Creative Productions GmbH,Agentur
Home Fibre Schweiz,Homefibre GmbH,Infrastruktur
Homefibre,Homefibre GmbH,Infrastruktur
homegate AG,Homegate AG,Kunde
Hotel Restaurant UTO-KULM,Hotel UTO KULM,Kunde
Hunn Gartenmöbel AG,Hunn Gartenmöbel AG,Kunde
HWZ Hochschule für Wirtschaft Zürich,HWZ Hochschule für Wirtschaft Zürich AG,Forschung
IaKom,IaKom GmbH,Forschung
IAP ,IAP Finanz AG,Kunde
IGEM,Igem AG,Verband
Inhalt&Form AG,Inhalt&Form Kommunikations AG,Agentur
Inhalt&Form Kommunikations AG,Inhalt&Form Kommunikations AG,Agentur
Initiative - A division of Mediabrands AG,Mediabrands AG,Agentur
Initiative A division of Mediabrands AG,Mediabrands AG,Agentur
Initiative Media AG,Initiative Media AG,Intelligence
Initiative Media Zürich,Initiative Media AG,Intelligence
Interio AG,Interio AG,Kunde
International Radio Festival & BlonderBlog,International Radio Festival & BlonderBlog,Radio
IP Deutschland GmbH,IPGATE AG,Werbevermarkter
IP NETWORK Köln,IPGATE AG,Werbevermarkter
IP NETWORK Paris,IPGATE AG,Werbevermarkter
Iromedica AG,Iromedica AG,Kunde
Isobar Switzerland,Isobar Switzerland AG,Kunde
JBW Media,JBW Media AG,Agentur
JBW Media AG,JBW Media AG,Agentur
jim & jim AG,JIM Engineering AG,Agentur
job source AG,job-source ag,Kunde
JobCloud AG,JobCloud AG,Kunde
joiz,joiz Schweiz AG,Broadcaster
Joiz,joiz Schweiz AG,Broadcaster
joiz ,joiz Schweiz AG,Broadcaster
joiz AG,joiz Schweiz AG,Broadcaster
joiz ag,joiz Schweiz AG,Broadcaster
Joiz Schwei AG,joiz Schweiz AG,Broadcaster
joiz Schweiz AG,joiz Schweiz AG,Broadcaster
Joiz Schweiz AG,joiz Schweiz AG,Broadcaster
joiz TV,joiz TV,Broadcaster
Journalist,Journalist,Andere
K_§gi Söhne AG, Toggenburger Waffeln- & Biscuitfabrik,K_§gi Söhne AG, Toggenburger Waffeln- & Biscuitfabrik,Kunde
Kantar Media Switzerland,Kantar Media Switzerland AG,Forschung
Kantar Media Switzerland AG,Kantar Media Switzerland AG,Forschung
KAYAK Europe GmbH,Kayak Europe GmbH,Kunde
Kayak Europe GmbH? ,Kayak Europe GmbH,Kunde
keine,Keine Angaben,Andere
Keine Firma ,Keine Angaben,Andere
KMU Performer AG,KMU Performer AG,Agentur
Konnex - Agentur für Medien-Kommunikation AG,konnex - Agentur für Medien-Kommunikation AG,Agentur
KPMG AG,KPMG AG,Kunde
l.ars Kommunikationskunst,l.ars Kommunikationskunst,Agentur
L'Oreal Suisse SA,L'OREAL Produits de Luxe Suisse SA,Kunde
La Télé ,Télé-Evol_®ne SA,Kunde
LAUBE MEDIA,Psychiatrische Dienste Graubünden,Produktion
Lausanne,Keine Angaben,Andere
Layzapp,Layzapp,Intelligence
Leguan Productions AG,Leguan Productions AG,Produktion
Leo Burnett Schweiz AG,Leo Burnett Schweiz AG,Print
LevelTwo GmbH,LevelTwo GmbH,Produktion
Lichtspiele,Lichtspiele AG,Produktion
Lichtspiele 'The Film Agency',Lichtspiele AG,Produktion
Limmat Handelshaus AG,Limmat Handelshaus Aktiengesellschaft,Kunde
LOBSTER STUDIOS AG,LOBSTER STUDIOS AG,Produktion
m & m  Media Agentur AG,M & M Media Holding AG,Agentur
M6,M6 & Kent AG,Broadcaster
M6 Publicité,M6 & Kent AG,Broadcaster
mamo-f,mamofinanz,Andere
mamofinanz,mamofinanz,Andere
Mandoga Media,Mandoga Media,Produktion
Marketing & Kommunikation,Marketing & Kommunikation,Andere
Mars Schweiz AG,Mars Schweiz AG,Kunde
MARS Schweiz AG,Mars Schweiz AG,Kunde
Marti Communications AG,Marti Communications AG,Agentur
Match Communications GmbH,Match Communications GmbH,Agentur
Materia Viva,Materia Viva,Andere
Max Event,Max Wettach GmbH,Agentur
Maxomedia AG,Maxomedia AG,Agentur
MAXUS Switzerland,MAXUS Switzerland,Agentur
MCDT AG,MCDT AG,Agentur
MEC Switzerland,MEC Switzerland AG,Agentur
MEC SWITZERLAND AG,MEC Switzerland AG,Agentur
MEC Switzerland AG,MEC Switzerland AG,Agentur
Media Audit AG,Media Audit AG,Intelligence
Media Markt Management AG,Media Markt Management AG,Kunde
Mediabrands AG Initiative,MediaCom AG,Agentur
MediaCom,MediaCom AG,Agentur
Mediacom,MediaCom AG,Agentur
Mediacom ,MediaCom AG,Agentur
MediaCom AG,MediaCom AG,Agentur
Mediacom Zürich,MediaCom AG,Agentur
Mediacompass,Mediacompass,Werbevermarkter
Mediacreators,Mediacreators,Produktion
Mediafactor AG,mediafactor ag,Agentur
Mediafisch,Mediafisch GmbH,Produktion
mediafisch,Mediafisch GmbH,Produktion
Mediafisch GmbH,Mediafisch GmbH,Produktion
MediaKanzlei GmbH,mediakanzlei service gmbh,Agentur
mediakanzlei GmbH,mediakanzlei service gmbh,Agentur
mediaplus,Publica Data AG,Forschung
Mediaplus AG,Publica Data AG,Forschung
Mediapulse & Publica Data,Publica Data AG,Forschung
Mediapulse AG / Publica DAta AG,Publica Data AG,Forschung
mediaschneider,mediaschneider ag,Agentur
Mediaschneider AG,mediaschneider ag,Agentur
mediaschneider ag,mediaschneider ag,Agentur
mediaschneider AG,mediaschneider ag,Agentur
mediatonic,mediatonic SA,Agentur
Mediatonic SA,mediatonic SA,Agentur
Mercedes-Benz Schweiz AG,Mercedes-Benz Schweiz AG,Kunde
MGB,MGB Leinenweberei Bern AG,Kunde
Microsoft Schweiz GmbH,Microsoft Schweiz GmbH,Kunde
Migros Genossenschafts-Bund,Migros-Genossenschafts-Bund,Kunde
Migros Genossenschaftsbund,Migros-Genossenschafts-Bund,Kunde
Migros-Genossenschafts-Bund,Migros-Genossenschafts-Bund,Kunde
Migros-Medien,Migros-Genossenschafts-Bund,Kunde
Mindshare,MindShare AG,Agentur
MindShare,MindShare AG,Agentur
Mindshare AG,MindShare AG,Agentur
Mindshare AG ,MindShare AG,Agentur
mm&b media agentur ag,mm&b media agentur ag,Agentur
momentan keine - bis August 2014 SSF,momentan keine - bis August 2014 SSF,Andere
MoneyPark,MoneyPark AG,Kunde
moneypark AG,MoneyPark AG,Kunde
MOTION production,Motion Production GmbH,Produktion
MOTION production GmbH,Motion Production GmbH,Produktion
Movingminds,movingminds gmbh,Produktion
movingminds gmbh,movingminds gmbh,Produktion
MTV,MTV Produktions AG,Broadcaster
Musikvertrieb AG,Personalvorsorgestiftung der Musikvertrieb AG,Radio
MusterAg,Schmocker & Muster AG,Andere
n-tv,n-tv Nachrichtenfernsehen GmbH,Broadcaster
n-tv Nachrichtenfernsehen GmbH,n-tv Nachrichtenfernsehen GmbH,Broadcaster
Nationale Suisse,Nationale Suisse,Kunde
neo@ogilvy,OgilvyOne AG,Agentur
NEUE LGK Kommunikations AG,Neue Lgk Kommunikations AG,Agentur
Neue Zürcher Zeitung AG,Neue Zürcher Zeitung AG,Print
NEUROTH HÖRCENTER AG,Neuroth Affoltern Hörcenter AG,Kunde
Newsnet,newsnet c/o Tamedia AG,Print
Newsnet c/o Tamedia,newsnet c/o Tamedia AG,Print
newsnet c/o Tamedia AG,newsnet c/o Tamedia AG,Print
NZZ,Neue Zürcher Zeitung AG,Print
NZZ Mediengruppe,Neue Zürcher Zeitung AG,Print
Oehen PR Schweiz AG,Oehen PR Schweiz AG,Agentur
Ogilvy One,OgilvyOne AG,Agentur
OgilvyOne ,OgilvyOne AG,Agentur
OIZ,OIZ,Infrastruktur
OMD,OMD Optimum Media Direction AG,Agentur
OMD Nord,OMD Optimum Media Direction AG,Agentur
OMD See,OMD Optimum Media Direction AG,Agentur
OMG,OMG + Partner Architekten AG,Andere
Omnicom Media Group AG,Omnicom Media Group Schweiz AG,Agentur
Omnicom Media Group Schweiz AG,Omnicom Media Group Schweiz AG,Agentur
OmnicomMediaGroup,Omnicom Media Group Schweiz AG,Agentur
OmnicomMediaGroup Schweiz AG,Omnicom Media Group Schweiz AG,Agentur
Orange Communications AG,Orange Communications AG,Infrastruktur
Otto Fischer AG,Otto Fischer AG,Kunde
P. R. Mor Consulting GmbH,Mor-Bach Consulting GmbH,HR
Paterson-Entertainment AG,Paterson-Entertainment AG,Agentur
Pathé Films AG,Pathé Suisse S.A.,Kino
Pathé Suisse SA,Pathé Suisse S.A.,Kino
PelDen,PelDen,Andere
performed GmbH,performed GmbH,Agentur
Perolini,epb ellen perolini beratung,HR
persönlich Verlags AG,persönlich Verlags AG,Print
phd Schweiz AG,PHD Schweiz AG,Agentur
PHD Schweiz AG,PHD Schweiz AG,Agentur
Piano Media,Piano Media,Infrastruktur
PKZ,PKZ Burger-Kehl & Co Aktiengesellschaft,Kunde
plista GmbH,plista GmbH,Infrastruktur
posterjack GmbH,posterjack GmbH,Infrastruktur
Posterscope Switzerland,Posterscope Switzerland,Infrastruktur
PostFinance AG,PostFinance AG,Kunde
Prestige Media AG,Prestige Media AG,Print
PRfact AG,PRfact AG,Agentur
Pro Senectute,PRO SENECTUTE KANTON OBWALDEN - Für das Alter,Kunde
Pro Senectute Schweiz,PRO SENECTUTE KANTON OBWALDEN - Für das Alter,Kunde
Pro Sieben,ProSiebenSat.1,Broadcaster
Promotion-tools,Promotion-Tools AG,Agentur
Prosieben,ProSiebenSat.1,Broadcaster
ProSiebenSat.1,ProSiebenSat.1,Broadcaster
ProSiebenSat.1 TV Deutschland,ProSiebenSat.1,Broadcaster
ProSiebenSat.1 TV Deutschland GmbH,ProSiebenSat.1,Broadcaster
ProSiebenSat.1 TV Deutschland TV ,ProSiebenSat.1,Broadcaster
ProSiebenSAT1 TVD Deutschland,ProSiebenSat.1,Broadcaster
ProSiebenSat1Produktion,ProSiebenSat.1,Broadcaster
PTB,PTB GmbH,Andere
Public Data,Publica Data AG,Forschung
Publica Data,Publica Data AG,Forschung
Publica Data AG,Publica Data AG,Forschung
Publicis Communications Schweiz AG,Publicis Communications Schweiz AG,Agentur
Publicitas,Publicitas AG,Werbevermarkter
Publicitas AG,Publicitas AG,Werbevermarkter
Publigroupe,PubliGroupe SA,Agentur
publisuisse,publisuisse SA,Werbevermarkter
publisuisse AG,publisuisse SA,Werbevermarkter
publisuisse SA,publisuisse SA,Werbevermarkter
Radio 24,Radio 24 AG,Radio
Radio Energy,Radio Energy,Radio
Rainbow Home Entertainment AG,Rainbow Home Entertainment AG,Agentur
RAU,Rau Handels AG,Kunde
RECOMY ,RECOMY AG,HR
Reichenbach Rechtsanw_§lte,Reichenbach Rechtsanw_§lte AG,Kunde
Ricardo.ch AG,ricardo.ch AG,Kunde
ricardo.ch AG,ricardo.ch AG,Kunde
Ringier,Ringier AG,Print
Ringier / TF1,Ringier AG,Print
Ringier AG,Ringier AG,Print
Ringier AG ,Ringier AG,Print
Ringier SA,Ringier AG,Print
Ringier Verlag ,Ringier AG,Print
Ringier/TF1,Ringier AG,Print
ritschard-managment AG,Allfinanz- und Vorsorgeberatung AVB Ritschard & Partner,Kunde
Rocky Media GmbH,Rocky Media GmbH,Agentur
Rod Kommunikation AG,Rod Kommunikation AG,Agentur
RSI Radiotelevisione Svizzera,RSI GmbH,Broadcaster
RTL Disney Fernsehen Gmbh & co. KG,RTL Disney Fernsehen Gmbh & co. KG,Broadcaster
RTL Group / IP Network GmbH,RTL II,Broadcaster
RTL II,RTL II,Broadcaster
RTL II Fernsehen GmbH & Co. KG,RTL II,Broadcaster
RTL NITRO,RTL NITRO,Broadcaster
RTL Television,RTL Television GmbH,Broadcaster
RTL Television GmbH,RTL Television GmbH,Broadcaster
RTS,RTS GmbH,Broadcaster
RTS - Radio Télévision Suisse,RTS Radio,Radio
RTS Radio Télévision Suisse,RTS Radio,Radio
S1,S1TV AG,Broadcaster
S1 TV,S1TV AG,Broadcaster
S1 TV AG,S1TV AG,Broadcaster
S1TV AG,S1TV AG,Broadcaster
Salespool GmbH,Salespool GmbH,Werbevermarkter
Samsung Electronics Switzerland GmbH,Samsung Electronics Switzerland GmbH,Kunde
Schönwald Fahnen,Schönwald Fahnen,Kunde
Schneider Electric,Schneider Electric,Kunde
Scholz & Friends Zürich AG,Scholz & Friends Schweiz AG,Agentur
Schwabe Pharma AG,Schwabe Pharma AG,Kunde
Schweiz Tourismus,Schweiz Tourismus,Verband
Schweizer Fernsehen,Schweizer Fernsehen,Broadcaster
Schweizer Milchproduzenten SMP,Schweizer Milchproduzenten SMP,Verband
Schweizer Obstverband,Schweizer Obstverband,Verband
Schweizer Radio und Fernsehen,Schweizer Fernsehen,Broadcaster
Schweizer Radio und Fernsehen Sponsoring,Schweizer Fernsehen,Broadcaster
Schweizer Radio und Fernsehen SRF,Schweizer Fernsehen,Broadcaster
selbst_§ndig,Verein Selbst_§ndig Erwerbender,Verband
SENF Consulting,SENF Consulting,Agentur
Serranetga AG,Serranetga AG,Agentur
Serviceplan Suisse,Serviceplan Suisse AG,Agentur
Sessanella GmbH,Sessanella GmbH,Kunde
SevenOne Media,SevenOne Media AG,Werbevermarkter
SevenOne Media (Schweiz) AG,SevenOne Media AG,Werbevermarkter
SevenOne Media AG,SevenOne Media AG,Werbevermarkter
SevenOne Media GmbH,SevenOne Media AG,Werbevermarkter
SevenVentures (Schweiz) AG,ProSieben (Schweiz) AG,Broadcaster
Showsupport Europe,Showsupport Europe,Produktion
showsupport europe llc ,Showsupport Europe,Produktion
Sitesmedia - Marketing und Kommunikation,Sitesmedia - Marketing und Kommunikation,Agentur
SIX Payment Services,SIX Payment Services AG,Produktion
SMC Schwab MediaConsulting,SMC Schwab Mediaconsulting,Agentur
SO Appenzeller K_§se GmbH,SO Appenzeller K_§se GmbH,Kunde
Solid & Hallerfilm AG,Solid & Hallerfilm AG,Kunde
Somedia Promotion,Somedia Promotion AG,Werbevermarkter
Sony Music Entertainment Switzerland GmbH,Sony Music Entertainment Switzerland GmbH,Radio
Spoiled Milk,Spoiled Milk Holding AG,Agentur
Spoiledmilk,Spoiled Milk Holding AG,Agentur
SPORT1 ,SPORT1 ,Broadcaster
SRF,Schweizer Fernsehen,Broadcaster
SRF ,Schweizer Fernsehen,Broadcaster
SRF Schweizer Radio und Fernsehen,Schweizer Fernsehen,Broadcaster
SRG,Schweizer Fernsehen,Broadcaster
SRG Deutschschweiz,Schweizer Fernsehen,Broadcaster
SRG SSR,SSR GmbH,Broadcaster
SRG SSR @SRF,SSR GmbH,Broadcaster
STA Travel,STA Travel Holding AG,Kunde
Stadion Letzigrund,Betriebsgesellschaft FCZ AG,Kunde
Staff Finder,Staff Finder AG,HR
Staff Finder AG,Staff Finder AG,HR
Stailamedia AG,Stailamedia AG,Agentur
Starcom Mediavest Group AG,Starcom Mediavest Group AG,Agentur
Starcom MediaVest Group AG,Starcom Mediavest Group AG,Agentur
starcom mediavest group ag,Starcom Mediavest Group AG,Agentur
Startbahnwest AG,startbahnWest AG,Kunde
Statement Brand(ed) Entertainment,Statement Brand(ed) Entertainment,Agentur
Statement GmbH,Statement Brand(ed) Entertainment,Agentur
Stokes Media GmbH,STOKES MEDIA GmbH,Produktion
Storck (Schweiz) GmbH,Storck (Schweiz) GmbH,Kunde
Sunrise,Sunrise Communications AG,Infrastruktur
Sunrise Communications,Sunrise Communications AG,Infrastruktur
Sunrise Communications AG,Sunrise Communications AG,Infrastruktur
SUPER RTL ,SUPER RTL ,Broadcaster
Superama Film Production GmbH,Superama Film Production GmbH,Produktion
Superama Film Production GmbH ,Superama Film Production GmbH ,Produktion
SUPERAMA Filmproduktions GmbH ,Superama Film Production GmbH ,Produktion
SWA Schweizer Werbe-Auftraggeberverband,SWA Schweizer Werbe-Auftraggeberverband,Verband
Swarovski,Daniel Swarovski Corporation AG,Kunde
SWICA Krankenversicherung AG,SWICA Versicherungen AG,Kunde
Swiss Casinos,Swiss Casinos Zürich AG,Kunde
Swiss Casinos Zürich AG,Swiss Casinos Zürich AG,Kunde
Swiss International Air Lines AG,Swiss International Air Lines AG,Kunde
swiss radioworld AG,swiss radioworld AG,Werbevermarkter
SWISS TXT Schweizerische Teletext AG,SWISS TXT Schweizerische Teletext AG,Broadcaster
Swisscanto Holding AG,Swisscanto Holding AG,Kunde
Swisscom (Schweiz) AG,Swisscom AG,Infrastruktur
Swisscom AG,Swisscom AG,Infrastruktur
Swisscom Directories AG,Swisscom AG,Infrastruktur
SwissQ,SwissQ Consulting AG,Intelligence
SwissRadioDay & International Radio Festival,SwissRadioDay & International Radio Festival,Radio
Tamedia AG,Tamedia AG,Print
Tamedia AG ,Tamedia AG,Print
TB Productions GmbH,TB Productions GmbH,Produktion
TBA AG,TBA AG,Produktion
TBWA Switzerland AG,TBWA Switzerland AG,Agentur
Tele M1 AG,Teleclub AG,Broadcaster
Tele Zentralschweiz,Teleclub AG,Broadcaster
Telebasel,Teleclub AG,Broadcaster
Telebasel/ Susanne Hueber,Teleclub AG,Broadcaster
TeleBielingue,Teleclub AG,Broadcaster
Teleclub AG,Teleclub AG,Broadcaster
Teleclub Programm AG,Teleclub AG,Broadcaster
TeleTicino SA,Teleclub AG,Broadcaster
Textlab GmbH / Swisscom,Swissfiberinvest Menziken AG,Infrastruktur
TF1,TF1,Broadcaster
The Cover Media AG,The Cover Media AG,Agentur
The Generation Media AG,the Generation Media AG,Agentur
The Walt Disney Company (Switzerland) GmbH,The Walt Disney Company (Switzerland) GmbH,Broadcaster
Ticketcorner AG,TicketCorner AG,Infrastruktur
TMC The Media Consultants,MdH Consultants AG,Agentur
Tonstudios Z,Tonstudios Z AG,Produktion
Toyota AG,Toyota AG,Kunde
tpc ag,TPC Television production Center,Produktion
TPC AG (SRG),TPC Television production Center,Produktion
TPC Television production Center,TPC Television production Center,Produktion
Trafag AG,Trafag AG,Infrastruktur
TV LEMAN BLEU SA,TV LEMAN BLEU SA,Broadcaster
Twister Interactive AG,Twister Interactive AG,Infrastruktur
TWmedia,TW Media GmbH,Agentur
UBS AG,UBS AG,Kunde
UNIVERSAL // TTP,Universal/ TTP Take Two Publicity AG,Produktion
Universal McCann,Universal McCann SA,Produktion
Universal Music GmbH,Universal Music GmbH,Produktion
Universal Music Switzerland,Universal Music AG,Produktion
Universal Pictures Int'l Switzerland,Universal Pictures Int'l Switzerland,Produktion
Universal/ TTP Take Two Publicity AG,Universal/ TTP Take Two Publicity AG,Produktion
upc cablecom,upc cablecom GmbH,Infrastruktur
upc cablecom GmbH,upc cablecom GmbH,Infrastruktur
USP Partner AG,upc cablecom GmbH,Infrastruktur
Van Melle AG,Van Melle AG,Andere
Verband Schweizerischer Kantonalbanken,Verband Schweizerischer Kantonalbanken,Verband
Verkehrsbetriebe Zürich,Verkehrsbetriebe Zürichsee und Oberland (VZO) AG,Kunde
Verkehrshaus der Schweiz,Verkehrshaus der Schweiz (VHS),Verband
Verkehrshaus Schweiz,Verkehrshaus der Schweiz (VHS),Verband
Viacom International Media Networks,Viacom International Media Networks,Broadcaster
Viacom MTV,Viacom International Media Networks,Broadcaster
VIMN Switzerland AG,Viacom International Media Networks,Broadcaster
VivaKi Exchange,VivaKi Exchange,Agentur
Vivaki Exchange,Vivaki Exchange,Agentur
VIVAKI EXCHANGE a Division of ZenithOptimedia AG,Vivaki Exchange,Agentur
VOX Television GmbH,VOX Television GmbH,Broadcaster
W4 Marketing AG,W4 Marketing AG,Agentur
Walker Werbeagentur,Walker Werbeagentur,Agentur
Warner Brothers,Warner Music (Switzerland) AG,Produktion
Warner Music (Switzerland) AG,Warner Music (Switzerland) AG,Produktion
Warner Music Switzerland,Warner Music (Switzerland) AG,Produktion
watson,watson,Print
WebComTV  AG,WebComTV  AG,Produktion
webcomtv AG,WebComTV  AG,Produktion
Weka Business Media AG,WEKA Business Media AG,HR
Weleda AG,Weleda AG,Kunde
Weltbild Verlag GmbH,Weltbild Verlag GmbH,Print
WEMF AG für Werbemedienforschung,WEMF AGfür Werbemedienforschung,Forschung
WerbeWeischer,WerbeWeischer Schweiz GmbH,Kino
WerbeWeischer Schweiz GmbH,WerbeWeischer Schweiz GmbH,Kino
Werbewoche,Werbewoche,Print
Westiform AG,Westiform AG,Infrastruktur
William White,Andere,Andere
Wilmaa,Wilmaa GmbH,Infrastruktur
Wilmaa Digital World AG,Wilmaa GmbH,Infrastruktur
Wirz Werbung,Wirz Werbung AG,Agentur
Wirz Werbung AG,Wirz Werbung AG,Agentur
World Television,World Television,Produktion
www.ticket-com.ch ,Ticket Buchversand Bortlik,Infrastruktur
xeit gmbh,xeit GmbH,Agentur
Zürcher Marketing,Zürcher Marketing,Andere
zattoo,Zattoo Schweiz AG,Infrastruktur
Zattoo Schweiz AG,Zattoo Schweiz AG,Infrastruktur
Zauberküche Marketing Solutions AG,zauberküche marketing solutions AG,Andere
ZDF Enterprises GmbH,ZDF Enterprises GmbH,Broadcaster
Zeitgeist Kommunikations AG,Zeitgeist Kommunikations AG,Agentur
Zenith optimedia,Zenithoptimedia AG,Agentur
Zenith Optimedia AG,Zenithoptimedia AG,Agentur
ZenithOptimedia,Zenithoptimedia AG,Agentur
Zenithoptimedia,Zenithoptimedia AG,Agentur
Zenithoptimedia AG,Zenithoptimedia AG,Agentur
ZenithOptimedia AG,Zenithoptimedia AG,Agentur
Zentihoptimedia,Zenithoptimedia AG,Agentur
Zesscom AG,Zesscom AG,Agentur
ZHAW (Zürcher Hochschule für Angewandte Wissenschaften),ZHAW (Zürcher Hochschule für Angewandte Wissenschaften),Forschung
ZHAW Zürcher Hochschule für Angewandte Wissenschaften,ZHAW (Zürcher Hochschule für Angewandte Wissenschaften),Forschung
zip media gmbh,zip media gmbh,Agentur
ZipMedia GmbH Media und Kommunikation,zip media gmbh,Agentur
Zurich Global Corporate Switzerland,Zurich Global Corporate Switzerland,Kunde
,Keine Angaben,Andere